[
  {
    "@type": "com.xiaohongshu.data.aimi.workflow.nodes.TemplateTransformNode",
    "taskId": "UNDERSTANDING_INTENTION_PROMPT_BUILD",
    "taskType": "PROMPT_BUILD",
    "input": [
      {
        "fieldName": "query",
        "path": "session.global.queryContext"
      }
    ],
    "output": [
      {
        "fieldName": "prompt",
        "path": "$.prompt"
      }
    ],
    "dependencies": [
    ]
  },
  {
    "@type": "com.xiaohongshu.data.aimi.workflow.nodes.LLMNode",
    "taskId": "UNDERSTANDING_INTENTION_CALL_LLM",
    "taskType": "CALL_LLM",
    "input": [
      {
        "fieldName": "userPrompt",
        "value": "session.UNDERSTANDING_INTENTION_PROMPT_BUILD.userPrompt"
      },
      {
        "fieldName": "systemPrompt",
        "value": "session.UNDERSTANDING_INTENTION_PROMPT_BUILD.systemPrompt"
      }
    ],
    "output": [
      {
        "fieldName": "intention_type",
        "path": "$.问题类型",
        "assertVal": "1",
        "assertMsg": "请补充更多信息完整表达您的问题"
      },
      {
        "fieldName": "is_new_question",
        "path": "$.是否是新问题",
        "assertMsg": "请补充更多信息完整表达您的问题"
      },
      {
        "fieldName": "session.global.query",
        "path": "$.改写后结果",
        "assertMsg": "请补充更多信息完整表达您的问题"
      }
    ],
    "dependencies": [
      "UNDERSTANDING_INTENTION_PROMPT_BUILD"
    ]
  },
  {
    "@type": "com.xiaohongshu.data.aimi.workflow.nodes.TemplateTransformNode",
    "taskId": "QUESTION_DECOMPOSE_PROMPT_BUILD",
    "taskType": "PROMPT_BUILD",
    "input": [
      {
        "fieldName": "query",
        "path": "session.global.query"
      }
    ],
    "output": [
      {
        "fieldName": "prompt",
        "path": "$.prompt"
      }
    ],
    "dependencies": [
      "UNDERSTANDING_INTENTION_CALL_LLM"
    ]
  },
  {
    "@type": "com.xiaohongshu.data.aimi.workflow.nodes.LLMNode",
    "taskId": "QUESTION_DECOMPOSE_CALL_LLM",
    "taskType": "CALL_LLM",
    "input": [
      {
        "fieldName": "userPrompt",
        "value": "session.QUESTION_DECOMPOSE_PROMPT_BUILD.userPrompt"
      },
      {
        "fieldName": "systemPrompt",
        "value": "session.QUESTION_DECOMPOSE_PROMPT_BUILD.systemPrompt"
      }
    ],
    "output": [
      {
        "fieldName": "measures",
        "path": "$.分析指标"
      },
      {
        "fieldName": "dimensions",
        "path": "$.拆分维度"
      },
      {
        "fieldName": "filterValues",
        "path": "$.筛选条件"
      },
      {
        "fieldName": "dateRange",
        "path": "$.时间范围"
      },
      {
        "fieldName": "question_decompose",
        "path": "$"
      }
    ],
    "dependencies": [
      "QUESTION_DECOMPOSE_PROMPT_BUILD"
    ]
  },
  {
    "@type": "com.xiaohongshu.data.aimi.workflow.nodes.TemplateTransformNode",
    "taskId": "FIELD_RETRIEVAL_PROMPT_BUILD",
    "taskType": "PROMPT_BUILD",
    "input": [
      {
        "fieldName": "query",
        "path": "session.global.query"
      },
      {
        "fieldName": "measures",
        "path": "session.QUESTION_DECOMPOSE_CALL_LLM.measures"
      },
      {
        "fieldName": "dimensions",
        "path": "session.QUESTION_DECOMPOSE_CALL_LLM.dimensions"
      },
      {
        "fieldName": "filterValues",
        "path": "session.QUESTION_DECOMPOSE_CALL_LLM.filterValues"
      },
      {
        "fieldName": "projectName",
        "path": "session.global.projectName"
      }
    ],
    "output": [
      {
        "fieldName": "COMPLETE_INPUT",
        "path": "$",
        "required": true,
        "assertMsg": "问题解析结果为空或不合法"
      }
    ],
    "dependencies": [
      "QUESTION_DECOMPOSE_CALL_LLM"
    ]
  },
  {
    "@type": "com.xiaohongshu.data.aimi.workflow.nodes.HttpRequestNode",
    "taskId": "FIELD_RETRIEVAL_HTTP_REQUEST",
    "taskType": "HttpRequestNode",
    "input": [
      {
        "fieldName": "url",
        "value": "{{session.global.chatServiceDomain}}/redbi/chat/v3/field_and_dim_member_recall"
      },
      {
        "fieldName": "COMPLETE_INPUT",
        "path": "session.FIELD_RETRIEVAL_PROMPT_BUILD.COMPLETE_INPUT"
      }
    ],
    "output": [
      {
        "fieldName": "recall_table_summary_list",
        "path": "$.recall_table_summary_list",
        "required": true,
        "assertMsg": "召回表列表信息为空"
      }
    ],
    "dependencies": [
      "FIELD_RETRIEVAL_PROMPT_BUILD"
    ]
  },
  {
    "@type": "com.xiaohongshu.data.aimi.workflow.nodes.CodeNode",
    "taskId": "FIELD_RETRIEVAL_EXEC_CODE",
    "taskType": "CodeNode",
    "input": [
      {
        "fieldName": "className",
        "value": "com.xiaohongshu.data.aimi.workflow.script.DatasetRuleProcessor"
      },
      {
        "fieldName": "methodName",
        "value": "process"
      },
      {
        "fieldName": "recall_table_summary_list",
        "path": "session.FIELD_RETRIEVAL_HTTP_REQUEST.recall_table_summary_list"
      },
      {
        "fieldName": "draftKnowledgeIndex",
        "path": "session.global.draftKnowledgeIndex"
      }
    ],
    "output": [
      {
        "fieldName": "processed_recall_table_summary_list",
        "path": "$.processed_recall_table_summary_list"
      },
      {
        "fieldName": "format_recall_table_summary_list",
        "path": "$.format_recall_table_summary_list"
      }
    ],
    "dependencies": [
      "FIELD_RETRIEVAL_HTTP_REQUEST"
    ]
  },
  {
    "@type": "com.xiaohongshu.data.aimi.workflow.nodes.CodeNode",
    "taskId": "DIM_VALUE_RETRIEVAL_EXEC_CODE",
    "taskType": "CodeNode",
    "input": [
      {
        "fieldName": "query",
        "path": "session.global.query"
      },
      {
        "fieldName": "className",
        "value": "com.xiaohongshu.data.aimi.workflow.script.DimValueRetrievalProcessor"
      },
      {
        "fieldName": "methodName",
        "value": "process"
      },
      {
        "fieldName": "filterValues",
        "path": "session.QUESTION_DECOMPOSE_CALL_LLM.filterValues"
      },
      {
        "fieldName": "projectName",
        "path": "session.global.projectName"
      }
    ],
    "output": [
      {
        "fieldName": "colomn_values",
        "path": "$.colomn_values"
      },
      {
        "fieldName": "colomn_values_map",
        "path": "$.colomn_values_map"
      },
      {
        "fieldName": "indicator_info",
        "path": "$.indicator_info"
      }
    ],
    "dependencies": [
      "QUESTION_DECOMPOSE_CALL_LLM"
    ]
  },
  {
    "@type": "com.xiaohongshu.data.aimi.workflow.nodes.TemplateTransformNode",
    "taskId": "SUBJECT_FIELD_PROMPT_BUILD",
    "taskType": "PROMPT_BUILD",
    "input": [
      {
        "fieldName": "query",
        "path": "session.global.query"
      },
      {
        "fieldName": "colomn_values",
        "path": "session.DIM_VALUE_RETRIEVAL_EXEC_CODE.colomn_values"
      },
      {
        "fieldName": "colomn_values_map",
        "path": "session.DIM_VALUE_RETRIEVAL_EXEC_CODE.colomn_values_map"
      },
      {
        "fieldName": "indicator_info",
        "path": "session.DIM_VALUE_RETRIEVAL_EXEC_CODE.indicator_info"
      }
    ],
    "output": [
      {
        "fieldName": "prompt",
        "path": "$.prompt"
      }
    ],
    "dependencies": [
      "DIM_VALUE_RETRIEVAL_EXEC_CODE"
    ]
  },
  {
    "@type": "com.xiaohongshu.data.aimi.workflow.nodes.LLMNode",
    "taskId": "SUBJECT_FIELD_CALL_LLM",
    "taskType": "CALL_LLM",
    "input": [
      {
        "fieldName": "userPrompt",
        "value": "session.SUBJECT_FIELD_PROMPT_BUILD.userPrompt"
      },
      {
        "fieldName": "systemPrompt",
        "value": "session.SUBJECT_FIELD_PROMPT_BUILD.systemPrompt"
      }
    ],
    "output": [
      {
        "fieldName": "subject",
        "path": "$.要素.实体",
        "required": true,
        "assertMsg": "实体为空"
      },
      {
        "fieldName": "elements",
        "path": "$.要素",
        "required": true,
        "assertMsg": "要素为空"
      },
      {
        "fieldName": "chart",
        "path": "$.要素.图表类型"
      },
      {
        "fieldName": "ExtendQuestion",
        "path": "$.延伸问题"
      },
      {
        "fieldName": "rewriteQuestion",
        "path": "$.用户问题",
        "required": true,
        "assertMsg": "用户问题为空"
      }
    ],
    "dependencies": [
      "SUBJECT_FIELD_PROMPT_BUILD"
    ]
  },
  {
    "@type": "com.xiaohongshu.data.aimi.workflow.nodes.TemplateTransformNode",
    "taskId": "DATASET_SELECT_PROMPT_BUILD",
    "taskType": "PROMPT_BUILD",
    "input": [
      {
        "fieldName": "query",
        "path": "session.global.query"
      },
      {
        "fieldName": "subject",
        "path": "session.SUBJECT_FIELD_CALL_LLM.subject"
      },
      {
        "fieldName": "entity",
        "path": "session.SUBJECT_FIELD_CALL_LLM.subject"
      },
      {
        "fieldName": "fields",
        "path": "session.SUBJECT_FIELD_CALL_LLM.fields"
      },
      {
        "fieldName": "draftKnowledge",
        "path": "session.global.draftKnowledge"
      }
    ],
    "output": [
      {
        "fieldName": "query_struct",
        "path": "$.query_struct"
      },
      {
        "fieldName": "format_query_struct",
        "path": "$.format_query_struct"
      },
      {
        "fieldName": "draft_knowledge",
        "path": "$.draft_knowledge"
      }
    ],
    "dependencies": [
      "SUBJECT_FIELD_CALL_LLM"
    ]
  },
  {
    "@type": "com.xiaohongshu.data.aimi.workflow.nodes.HttpRequestNode",
    "taskId": "DATASET_SELECT_HTTP_REQUEST",
    "taskType": "HttpRequestNode",
    "input": [
      {
        "fieldName": "url",
        "value": "{{session.global.chatServiceDomain}}/redbi/chat/v3/entity_recall"
      },
      {
        "fieldName": "query",
        "path": "session.global.query"
      },
      {
        "fieldName": "intention_type",
        "value": 1
      },
      {
        "fieldName": "enable_query_generate",
        "value": true
      },
      {
        "fieldName": "query_struct",
        "path": "session.DATASET_SELECT_PROMPT_BUILD.query_struct"
      },
      {
        "fieldName": "draft_knowledge",
        "path": "session.DATASET_SELECT_PROMPT_BUILD.draft_knowledge"
      },
      {
        "fieldName": "draft_knowledge_force_insert",
        "value": true
      },
      {
        "fieldName": "system",
        "value": "aimi"
      },
      {
        "fieldName": "draft_knowledge_index",
        "path": "session.global.draftKnowledgeIndex"
      },
      {
        "fieldName": "subject",
        "path": "session.SUBJECT_FIELD_CALL_LLM.subject"
      },
      {
        "fieldName": "fields",
        "path": "session.SUBJECT_FIELD_CALL_LLM.fields"
      },
      {
        "fieldName": "project_name",
        "path": "session.global.projectName"
      }
    ],
    "output": [
      {
        "fieldName": "recall_table_summary_list",
        "path": "$.recall_table_summary_list",
        "required": true,
        "assertMsg": "召回表列表为空"
      },
      {
        "fieldName": "recall_period_specify",
        "path": "$.recall_period_specify"
      }
    ],
    "dependencies": [
      "DATASET_SELECT_PROMPT_BUILD"
    ]
  },
  {
    "@type": "com.xiaohongshu.data.aimi.workflow.nodes.CodeNode",
    "taskId": "DATASET_SELECT_EXEC_CODE",
    "taskType": "CodeNode",
    "input": [
      {
        "fieldName": "className",
        "value": "com.xiaohongshu.data.aimi.workflow.script.DatasetRuleProcessor"
      },
      {
        "fieldName": "methodName",
        "value": "process"
      },
      {
        "fieldName": "recall_table_summary_list",
        "path": "session.DATASET_SELECT_HTTP_REQUEST.recall_table_summary_list"
      },
      {
        "fieldName": "draftKnowledgeIndex",
        "path": "session.global.draftKnowledgeIndex"
      }
    ],
    "output": [
      {
        "fieldName": "processed_recall_table_summary_list",
        "path": "$.processed_recall_table_summary_list"
      },
      {
        "fieldName": "format_recall_table_summary_list",
        "path": "$.format_recall_table_summary_list"
      }
    ],
    "dependencies": [
      "DATASET_SELECT_HTTP_REQUEST"
    ]
  },
  {
    "@type": "com.xiaohongshu.data.aimi.workflow.nodes.TemplateTransformNode",
    "taskId": "SELECT_ONE_DATASET_PROMPT_BUILD",
    "taskType": "PROMPT_BUILD",
    "input": [
      {
        "fieldName": "query",
        "path": "session.global.query"
      },
      {
        "fieldName": "query_struct",
        "path": "session.DATASET_SELECT_PROMPT_BUILD.format_query_struct"
      },
      {
        "fieldName": "dataset_infos",
        "path": "session.DATASET_SELECT_EXEC_CODE.processed_recall_table_summary_list"
      },
      {
        "fieldName": "format_dataset_infos",
        "path": "session.DATASET_SELECT_EXEC_CODE.format_recall_table_summary_list"
      },
      {
        "fieldName": "dataset_infos2",
        "path": "session.FIELD_RETRIEVAL_EXEC_CODE.processed_recall_table_summary_list"
      },
      {
        "fieldName": "format_dataset_infos2",
        "path": "session.FIELD_RETRIEVAL_EXEC_CODE.format_recall_table_summary_list"
      },
      {
        "fieldName": "elements",
        "path": "session.SUBJECT_FIELD_CALL_LLM.elements"
      }
    ],
    "output": [
      {
        "fieldName": "prompt",
        "path": "$.prompt"
      }
    ],
    "dependencies": [
      "DATASET_SELECT_EXEC_CODE",
      "FIELD_RETRIEVAL_EXEC_CODE"
    ]
  },
  {
    "@type": "com.xiaohongshu.data.aimi.workflow.nodes.LLMNode",
    "taskId": "SELECT_ONE_DATASET_CALL_LLM",
    "taskType": "CALL_LLM",
    "input": [
      {
        "fieldName": "userPrompt",
        "value": "session.SELECT_ONE_DATASET_PROMPT_BUILD.userPrompt"
      },
      {
        "fieldName": "systemPrompt",
        "value": "session.SELECT_ONE_DATASET_PROMPT_BUILD.systemPrompt"
      },
      {
        "fieldName": "multiModel",
        "path": "session.SELECT_ONE_DATASET_CALL_LLM.multiModel"
      }
    ],
    "output": [
      {
        "fieldName": "datasetId",
        "path": "$"
      },
      {
        "fieldName": "newDatasetId",
        "path": "$.表序号",
        "required": true,
        "assertMsg": "表序号为空"
      },
      {
        "fieldName": "multi_result",
        "path": "$"
      }
    ],
    "dependencies": [
      "SELECT_ONE_DATASET_PROMPT_BUILD"
    ]
  },
  {
    "@type": "com.xiaohongshu.data.aimi.workflow.nodes.CodeNode",
    "taskId": "SELECT_ONE_DATASET_EXEC_CODE",
    "taskType": "CodeNode",
    "input": [
      {
        "fieldName": "className",
        "value": "com.xiaohongshu.data.aimi.workflow.script.KnowledgeProcessorRewriteV4"
      },
      {
        "fieldName": "methodName",
        "value": "process"
      },
      {
        "fieldName": "query",
        "path": "session.global.query"
      },
      {
        "fieldName": "userName",
        "path": "session.global.userName"
      },
      {
        "fieldName": "table_results",
        "path": "session.DATASET_SELECT_HTTP_REQUEST.table_results"
      },
      {
        "fieldName": "table_results2",
        "path": "session.FIELD_RETRIEVAL_HTTP_REQUEST.table_results"
      },
      {
        "fieldName": "datasetId",
        "path": "session.SELECT_ONE_DATASET_CALL_LLM.datasetId"
      },
      {
        "fieldName": "newDatasetId",
        "path": "session.SELECT_ONE_DATASET_CALL_LLM.newDatasetId"
      },
      {
        "fieldName": "projectName",
        "path": "session.global.projectName"
      },
      {
        "fieldName": "projectId",
        "path": "session.global.projectId"
      },
      {
        "fieldName": "draft_knowledge",
        "path": "session.DATASET_SELECT_PROMPT_BUILD.draft_knowledge"
      },
      {
        "fieldName": "elements",
        "path": "session.SUBJECT_FIELD_CALL_LLM.elements"
      }
    ],
    "output": [
      {
        "fieldName": "knowledge_all_info",
        "path": "$.knowledge_all_info"
      },
      {
        "fieldName": "knowledge_docs",
        "path": "$.knowledge_docs"
      },
      {
        "fieldName": "field_priorities",
        "path": "$.field_priorities"
      },
      {
        "fieldName": "field_info",
        "path": "$.field_info"
      },
      {
        "fieldName": "sql_rules",
        "path": "$.sql_rules"
      },
      {
        "fieldName": "colomn_values",
        "path": "$.colomn_values"
      },
      {
        "fieldName": "sample_recall",
        "path": "$.sample_recall"
      },
      {
        "fieldName": "datasetName",
        "path": "$.datasetName"
      },
      {
        "fieldName": "datasetId",
        "path": "$.datasetId"
      },
      {
        "fieldName": "dim_field_info",
        "path": "$.dim_field_info"
      },
      {
        "fieldName": "mrs_field_info",
        "path": "$.mrs_field_info"
      },
      {
        "fieldName": "filter_field_info",
        "path": "$.filter_field_info"
      },
      {
        "fieldName": "dim_samples",
        "path": "$.dim_samples"
      },
      {
        "fieldName": "mrs_samples",
        "path": "$.mrs_samples"
      },
      {
        "fieldName": "filter_samples",
        "path": "$.filter_samples"
      },
      {
        "fieldName": "elements_decompose",
        "path": "$.elements_decompose"
      }
    ],
    "dependencies": [
      "SELECT_ONE_DATASET_CALL_LLM",
      "QUESTION_DECOMPOSE_CALL_LLM"
    ]
  },
  {
    "@type": "com.xiaohongshu.data.aimi.workflow.nodes.TemplateTransformNode",
    "taskId": "RETRIEVAL_RERANK_PROMPT_BUILD",
    "taskType": "PROMPT_BUILD",
    "input": [
      {
        "fieldName": "query",
        "path": "session.global.query"
      },
      {
        "fieldName": "question_decompose",
        "path": "session.SELECT_ONE_DATASET_EXEC_CODE.elements_decompose"
      },
      {
        "fieldName": "colomn_values",
        "path": "session.SELECT_ONE_DATASET_EXEC_CODE.colomn_values"
      },
      {
        "fieldName": "knowledge_docs",
        "path": "session.SELECT_ONE_DATASET_EXEC_CODE.knowledge_docs"
      },
      {
        "fieldName": "field_priorities",
        "path": "session.SELECT_ONE_DATASET_EXEC_CODE.field_priorities"
      }
    ],
    "output": [
      {
        "fieldName": "prompt",
        "path": "$.prompt"
      }
    ],
    "dependencies": [
      "SELECT_ONE_DATASET_EXEC_CODE"
    ]
  },
  {
    "@type": "com.xiaohongshu.data.aimi.workflow.nodes.LLMNode",
    "taskId": "RETRIEVAL_RERANK_CALL_LLM",
    "taskType": "CALL_LLM",
    "input": [
      {
        "fieldName": "userPrompt",
        "value": "session.RETRIEVAL_RERANK_PROMPT_BUILD.userPrompt"
      },
      {
        "fieldName": "systemPrompt",
        "value": "session.RETRIEVAL_RERANK_PROMPT_BUILD.systemPrompt"
      }
    ],
    "output": [
      {
        "fieldName": "rerank_colomn_values",
        "path": "$"
      }
    ],
    "dependencies": [
      "RETRIEVAL_RERANK_PROMPT_BUILD"
    ]
  },
  {
    "@type": "com.xiaohongshu.data.aimi.workflow.nodes.CodeNode",
    "taskId": "RETRIEVAL_RERANK_EXEC_CODE",
    "taskType": "CodeNode",
    "input": [
      {
        "fieldName": "className",
        "value": "com.xiaohongshu.data.aimi.workflow.script.ColumnValuesProcessorV2"
      },
      {
        "fieldName": "methodName",
        "value": "process"
      },
      {
        "fieldName": "query",
        "path": "session.global.query"
      },
      {
        "fieldName": "userName",
        "path": "session.global.userName"
      },
      {
        "fieldName": "projectName",
        "path": "session.global.projectName"
      },
      {
        "fieldName": "projectId",
        "path": "session.global.projectId"
      },
      {
        "fieldName": "datasetId",
        "path": "session.SELECT_ONE_DATASET_EXEC_CODE.datasetId"
      },
      {
        "fieldName": "rerank_colomn_values",
        "path": "session.RETRIEVAL_RERANK_CALL_LLM.rerank_colomn_values"
      },{
        "fieldName": "field_info",
        "path": "session.SELECT_ONE_DATASET_EXEC_CODE.filter_field_info"
      },{
        "fieldName": "colomn_values",
        "path": "session.SELECT_ONE_DATASET_EXEC_CODE.colomn_values"
      }
    ],
    "output": [
      {
        "fieldName": "rerank_colomn_values",
        "path": "$.rerank_colomn_values"
      },
      {
        "fieldName": "field_info",
        "path": "$.field_info"
      }
    ],
    "dependencies": [
      "RETRIEVAL_RERANK_CALL_LLM"
    ]
  },
  {
    "@type": "com.xiaohongshu.data.aimi.workflow.nodes.TemplateTransformNode",
    "taskId": "BEFORE_CONFIG_PROMPT_BUILD",
    "taskType": "PROMPT_BUILD",
    "input": [
      {
        "fieldName": "query",
        "path": "session.global.query"
      }
    ],
    "output": [
      {
        "fieldName": "prompt",
        "path": "$.prompt"
      }
    ],
    "dependencies": [
      "RETRIEVAL_RERANK_EXEC_CODE"
    ]
  },
  {
    "@type": "com.xiaohongshu.data.aimi.workflow.nodes.TemplateTransformNode",
    "taskId": "MEASURE_RESOLVE_PROMPT_BUILD",
    "taskType": "PROMPT_BUILD",
    "input": [
      {
        "fieldName": "query",
        "path": "session.global.query"
      },
      {
        "fieldName": "question_decompose",
        "path": "session.QUESTION_DECOMPOSE_CALL_LLM.question_decompose"
      },
      {
        "fieldName": "elements",
        "path": "session.SUBJECT_FIELD_CALL_LLM.elements"
      },
      {
        "fieldName": "rewriteQuestion",
        "path": "session.SUBJECT_FIELD_CALL_LLM.rewriteQuestion"
      },
      {
        "fieldName": "dataset_id",
        "path": "session.SELECT_ONE_DATASET_EXEC_CODE.datasetId"
      },
      {
        "fieldName": "field_info",
        "path": "session.SELECT_ONE_DATASET_EXEC_CODE.field_info"
      },
      {
        "fieldName": "knowledge_all_info",
        "path": "session.SELECT_ONE_DATASET_EXEC_CODE.knowledge_all_info"
      },
      {
        "fieldName": "knowledge_docs",
        "path": "session.SELECT_ONE_DATASET_EXEC_CODE.knowledge_docs"
      },
      {
        "fieldName": "field_priorities",
        "path": "session.SELECT_ONE_DATASET_EXEC_CODE.field_priorities"
      },
      {
        "fieldName": "sql_rules",
        "path": "session.SELECT_ONE_DATASET_EXEC_CODE.sql_rules"
      },
      {
        "fieldName": "colomn_values",
        "path": "session.RETRIEVAL_RERANK_EXEC_CODE.rerank_colomn_values"
      },
      {
        "fieldName": "rerank_colomn_values",
        "path": "session.RETRIEVAL_RERANK_CALL_LLM.rerank_colomn_values"
      },
      {
        "fieldName": "unrank_colomn_values",
        "path": "session.SELECT_ONE_DATASET_EXEC_CODE.format_colomn_values"
      },
      {
        "fieldName": "old_colomn_values",
        "path": "session.SELECT_ONE_DATASET_EXEC_CODE.old_colomn_values"
      },
      {
        "fieldName": "sample_recall",
        "path": "session.SELECT_ONE_DATASET_EXEC_CODE.sample_recall"
      },
      {
        "fieldName": "dim_field_info",
        "path": "session.SELECT_ONE_DATASET_EXEC_CODE.dim_field_info"
      },
      {
        "fieldName": "mrs_field_info",
        "path": "session.SELECT_ONE_DATASET_EXEC_CODE.mrs_field_info"
      },
      {
        "fieldName": "filter_field_info",
        "path": "session.SELECT_ONE_DATASET_EXEC_CODE.filter_field_info"
      },
      {
        "fieldName": "dim_samples",
        "path": "session.SELECT_ONE_DATASET_EXEC_CODE.dim_samples"
      },
      {
        "fieldName": "mrs_samples",
        "path": "session.SELECT_ONE_DATASET_EXEC_CODE.mrs_samples"
      },
      {
        "fieldName": "filter_samples",
        "path": "session.SELECT_ONE_DATASET_EXEC_CODE.filter_samples"
      }
    ],
    "output": [
      {
        "fieldName": "prompt",
        "path": "$.prompt"
      }
    ],
    "dependencies": [
      "BEFORE_CONFIG_PROMPT_BUILD"
    ]
  },
  {
    "@type": "com.xiaohongshu.data.aimi.workflow.nodes.LLMNode",
    "taskId": "MEASURE_RESOLVE_CALL_LLM",
    "taskType": "CALL_LLM",
    "input": [
      {
        "fieldName": "userPrompt",
        "value": "session.MEASURE_RESOLVE_PROMPT_BUILD.userPrompt"
      },
      {
        "fieldName": "systemPrompt",
        "value": "session.MEASURE_RESOLVE_PROMPT_BUILD.systemPrompt"
      }
    ],
    "output": [
      {
        "fieldName": "measures",
        "path": "$.指标列表"
      }
    ],
    "dependencies": [
      "MEASURE_RESOLVE_PROMPT_BUILD"
    ]
  },
  {
    "@type": "com.xiaohongshu.data.aimi.workflow.nodes.TemplateTransformNode",
    "taskId": "DIMENSION_RESOLVE_PROMPT_BUILD",
    "taskType": "PROMPT_BUILD",
    "input": [
      {
        "fieldName": "query",
        "path": "session.global.query"
      },
      {
        "fieldName": "question_decompose",
        "path": "session.QUESTION_DECOMPOSE_CALL_LLM.question_decompose"
      },
      {
        "fieldName": "elements",
        "path": "session.SUBJECT_FIELD_CALL_LLM.elements"
      },
      {
        "fieldName": "rewriteQuestion",
        "path": "session.SUBJECT_FIELD_CALL_LLM.rewriteQuestion"
      },
      {
        "fieldName": "dataset_id",
        "path": "session.SELECT_ONE_DATASET_EXEC_CODE.datasetId"
      },
      {
        "fieldName": "field_info",
        "path": "session.SELECT_ONE_DATASET_EXEC_CODE.field_info"
      },
      {
        "fieldName": "knowledge_all_info",
        "path": "session.SELECT_ONE_DATASET_EXEC_CODE.knowledge_all_info"
      },
      {
        "fieldName": "knowledge_docs",
        "path": "session.SELECT_ONE_DATASET_EXEC_CODE.knowledge_docs"
      },
      {
        "fieldName": "field_priorities",
        "path": "session.SELECT_ONE_DATASET_EXEC_CODE.field_priorities"
      },
      {
        "fieldName": "sql_rules",
        "path": "session.SELECT_ONE_DATASET_EXEC_CODE.sql_rules"
      },
      {
        "fieldName": "colomn_values",
        "path": "session.RETRIEVAL_RERANK_EXEC_CODE.rerank_colomn_values"
      },
      {
        "fieldName": "rerank_colomn_values",
        "path": "session.RETRIEVAL_RERANK_CALL_LLM.rerank_colomn_values"
      },
      {
        "fieldName": "unrank_colomn_values",
        "path": "session.SELECT_ONE_DATASET_EXEC_CODE.format_colomn_values"
      },
      {
        "fieldName": "old_colomn_values",
        "path": "session.SELECT_ONE_DATASET_EXEC_CODE.old_colomn_values"
      },
      {
        "fieldName": "sample_recall",
        "path": "session.SELECT_ONE_DATASET_EXEC_CODE.sample_recall"
      },
      {
        "fieldName": "dim_field_info",
        "path": "session.SELECT_ONE_DATASET_EXEC_CODE.dim_field_info"
      },
      {
        "fieldName": "mrs_field_info",
        "path": "session.SELECT_ONE_DATASET_EXEC_CODE.mrs_field_info"
      },
      {
        "fieldName": "filter_field_info",
        "path": "session.SELECT_ONE_DATASET_EXEC_CODE.filter_field_info"
      },
      {
        "fieldName": "dim_samples",
        "path": "session.SELECT_ONE_DATASET_EXEC_CODE.dim_samples"
      },
      {
        "fieldName": "mrs_samples",
        "path": "session.SELECT_ONE_DATASET_EXEC_CODE.mrs_samples"
      },
      {
        "fieldName": "filter_samples",
        "path": "session.SELECT_ONE_DATASET_EXEC_CODE.filter_samples"
      }
    ],
    "output": [
      {
        "fieldName": "prompt",
        "path": "$.prompt"
      }
    ],
    "dependencies": [
      "BEFORE_CONFIG_PROMPT_BUILD"
    ]
  },
  {
    "@type": "com.xiaohongshu.data.aimi.workflow.nodes.LLMNode",
    "taskId": "DIMENSION_RESOLVE_CALL_LLM",
    "taskType": "CALL_LLM",
    "input": [
      {
        "fieldName": "userPrompt",
        "value": "session.DIMENSION_RESOLVE_PROMPT_BUILD.userPrompt"
      },
      {
        "fieldName": "systemPrompt",
        "value": "session.DIMENSION_RESOLVE_PROMPT_BUILD.systemPrompt"
      }
    ],
    "output": [
      {
        "fieldName": "dimensions",
        "path": "$.维度列表"
      }
    ],
    "dependencies": [
      "DIMENSION_RESOLVE_PROMPT_BUILD"
    ]
  },
  {
    "@type": "com.xiaohongshu.data.aimi.workflow.nodes.TemplateTransformNode",
    "taskId": "FILTER_RESOLVE_PROMPT_BUILD",
    "taskType": "PROMPT_BUILD",
    "input": [
      {
        "fieldName": "query",
        "path": "session.global.query"
      },
      {
        "fieldName": "question_decompose",
        "path": "session.QUESTION_DECOMPOSE_CALL_LLM.question_decompose"
      },
      {
        "fieldName": "elements",
        "path": "session.SUBJECT_FIELD_CALL_LLM.elements"
      },
      {
        "fieldName": "rewriteQuestion",
        "path": "session.SUBJECT_FIELD_CALL_LLM.rewriteQuestion"
      },
      {
        "fieldName": "dataset_id",
        "path": "session.SELECT_ONE_DATASET_EXEC_CODE.datasetId"
      },
      {
        "fieldName": "field_info",
        "path": "session.SELECT_ONE_DATASET_EXEC_CODE.field_info"
      },
      {
        "fieldName": "knowledge_all_info",
        "path": "session.SELECT_ONE_DATASET_EXEC_CODE.knowledge_all_info"
      },
      {
        "fieldName": "knowledge_docs",
        "path": "session.SELECT_ONE_DATASET_EXEC_CODE.knowledge_docs"
      },
      {
        "fieldName": "field_priorities",
        "path": "session.SELECT_ONE_DATASET_EXEC_CODE.field_priorities"
      },
      {
        "fieldName": "sql_rules",
        "path": "session.SELECT_ONE_DATASET_EXEC_CODE.sql_rules"
      },
      {
        "fieldName": "colomn_values",
        "path": "session.RETRIEVAL_RERANK_EXEC_CODE.rerank_colomn_values"
      },
      {
        "fieldName": "rerank_colomn_values",
        "path": "session.RETRIEVAL_RERANK_CALL_LLM.rerank_colomn_values"
      },
      {
        "fieldName": "unrank_colomn_values",
        "path": "session.SELECT_ONE_DATASET_EXEC_CODE.format_colomn_values"
      },
      {
        "fieldName": "old_colomn_values",
        "path": "session.SELECT_ONE_DATASET_EXEC_CODE.old_colomn_values"
      },
      {
        "fieldName": "sample_recall",
        "path": "session.SELECT_ONE_DATASET_EXEC_CODE.sample_recall"
      },
      {
        "fieldName": "dim_field_info",
        "path": "session.SELECT_ONE_DATASET_EXEC_CODE.dim_field_info"
      },
      {
        "fieldName": "mrs_field_info",
        "path": "session.SELECT_ONE_DATASET_EXEC_CODE.mrs_field_info"
      },
      {
        "fieldName": "filter_field_info",
        "path": "session.RETRIEVAL_RERANK_EXEC_CODE.field_info"
      },{
        "fieldName": "dim_samples",
        "path": "session.SELECT_ONE_DATASET_EXEC_CODE.dim_samples"
      },
      {
        "fieldName": "mrs_samples",
        "path": "session.SELECT_ONE_DATASET_EXEC_CODE.mrs_samples"
      },
      {
        "fieldName": "filter_samples",
        "path": "session.SELECT_ONE_DATASET_EXEC_CODE.filter_samples"
      }
    ],
    "output": [
      {
        "fieldName": "prompt",
        "path": "$.prompt"
      }
    ],
    "dependencies": [
      "BEFORE_CONFIG_PROMPT_BUILD"
    ]
  },
  {
    "@type": "com.xiaohongshu.data.aimi.workflow.nodes.LLMNode",
    "taskId": "FILTER_RESOLVE_CALL_LLM",
    "taskType": "CALL_LLM",
    "input": [
      {
        "fieldName": "userPrompt",
        "value": "session.FILTER_RESOLVE_PROMPT_BUILD.userPrompt"
      },
      {
        "fieldName": "systemPrompt",
        "value": "session.FILTER_RESOLVE_PROMPT_BUILD.systemPrompt"
      }
    ],
    "output": [
      {
        "fieldName": "filters",
        "path": "$.筛选条件"
      }
    ],
    "dependencies": [
      "FILTER_RESOLVE_PROMPT_BUILD"
    ]
  },
  {
    "@type": "com.xiaohongshu.data.aimi.workflow.nodes.TemplateTransformNode",
    "taskId": "GEN_ANALYSIS_PROMPT_BUILD",
    "taskType": "PROMPT_BUILD",
    "input": [
      {
        "fieldName": "dimensions",
        "path": "session.DIMENSION_RESOLVE_CALL_LLM.dimensions"
      },
      {
        "fieldName": "measures",
        "path": "session.MEASURE_RESOLVE_CALL_LLM.measures"
      },
      {
        "fieldName": "filters",
        "path": "session.FILTER_RESOLVE_CALL_LLM.filters"
      },
      {
        "fieldName": "chartString",
        "path": "session.SUBJECT_FIELD_CALL_LLM.chart"
      }
    ],
    "output": [
      {
        "fieldName": "analysisElms",
        "path": "$.analysisElms"
      }
    ],
    "dependencies": [
      "MEASURE_RESOLVE_CALL_LLM",
      "DIMENSION_RESOLVE_CALL_LLM",
      "FILTER_RESOLVE_CALL_LLM"
    ]
  },
  {
    "@type": "com.xiaohongshu.data.aimi.workflow.nodes.HttpRequestNode",
    "taskId": "GEN_ANALYSIS_HTTP_REQUEST",
    "taskType": "HttpRequestNode",
    "input": [
      {
        "fieldName": "url",
        "value": "{{session.global.redbiDomain}}/api/analysis/ai/create/analysiselms"
      },
      {
        "fieldName": "datasetId",
        "path": "session.SELECT_ONE_DATASET_EXEC_CODE.datasetId"
      },
      {
        "fieldName": "analysisName",
        "path": "session.global.datetime"
      },
      {
        "fieldName": "analysisElms",
        "path": "session.GEN_ANALYSIS_PROMPT_BUILD.analysisElms"
      },
      {
        "fieldName": "needFeConfig",
        "path": "session.GEN_ANALYSIS_HTTP_REQUEST.needFeConfig"
      }
    ],
    "output": [
      {
        "fieldName": "analysisUrl",
        "path": "$.analysisUrl",
        "required": true,
        "assertMsg": "AI分析url为空"
      },
      {
        "fieldName": "correctedAnalysisElms",
        "path": "$.correctedAnalysisElms"
      },
      {
        "fieldName": "queryDsl",
        "path": "$.queryDsl"
      },
      {
        "fieldName": "settings",
        "path": "$.settings"
      },
      {
        "fieldName": "otherSetting",
        "path": "$.otherSetting"
      }
    ],
    "dependencies": [
      "GEN_ANALYSIS_PROMPT_BUILD"
    ]
  },
  {
    "@type": "com.xiaohongshu.data.aimi.workflow.nodes.HttpRequestNode",
    "taskId": "EVALUATE_SCORE_HTTP_REQUEST",
    "taskType": "HttpRequestNode",
    "input": [
      {
        "fieldName": "url",
        "value": "{{session.global.dcDomain}}/dataServer/admin-chatBotCompare"
      },
      {
        "fieldName": "runMode",
        "path": "session.global.runMode"
      },
      {
        "fieldName": "queryNls",
        "dataType": "array",
        "path": "session.global.query"
      },
      {
        "fieldName": "correctAnalysisUrls",
        "dataType": "array",
        "path": "session.global.expectAnalysisUrl"
      },
      {
        "fieldName": "chatbotAnalysisUrls",
        "dataType": "array",
        "path": "session.GEN_ANALYSIS_HTTP_REQUEST.analysisUrl"
      },
      {
        "fieldName": "chatbotTableIds",
        "dataType": "array",
        "path": "session.SELECT_ONE_DATASET_CALL_LLM.newDatasetId"
      }
    ],
    "output": [
      {
        "fieldName": "compareReport",
        "path": "$.compareReport",
        "required": true,
        "assertMsg": "对比结果为空"
      }
    ],
    "dependencies": [
      "GEN_ANALYSIS_HTTP_REQUEST"
    ]
  },
  {
    "@type": "com.xiaohongshu.data.aimi.workflow.nodes.CodeNode",
    "taskId": "EVALUATE_SCORE_EXEC_CODE",
    "taskType": "CodeNode",
    "input": [
      {
        "fieldName": "className",
        "value": "com.xiaohongshu.data.aimi.workflow.script.RecallStatProcessor"
      },
      {
        "fieldName": "methodName",
        "value": "process"
      },
      {
        "fieldName": "query",
        "path": "session.global.query"
      },
      {
        "fieldName": "userName",
        "path": "session.global.userName"
      },
      {
        "fieldName": "projectName",
        "path": "session.global.projectName"
      },
      {
        "fieldName": "projectId",
        "path": "session.global.projectId"
      },
      {
        "fieldName": "datasetId",
        "path": "session.SELECT_ONE_DATASET_EXEC_CODE.datasetId"
      },
      {
        "fieldName": "rerank_colomn_values",
        "path": "session.RETRIEVAL_RERANK_EXEC_CODE.rerank_colomn_values"
      },{
        "fieldName": "knowledge_all_info",
        "path": "session.SELECT_ONE_DATASET_EXEC_CODE.knowledge_all_info"
      },{
        "fieldName": "compareReport",
        "path": "session.EVALUATE_SCORE_HTTP_REQUEST.compareReport"
      }
    ],
    "output": [
      {
        "fieldName": "dim_field_recall_stat",
        "path": "$.dim_field_recall_stat"
      },
      {
        "fieldName": "mrs_field_recall_stat",
        "path": "$.mrs_field_recall_stat"
      },
      {
        "fieldName": "filter_field_recall_stat",
        "path": "$.filter_field_recall_stat"
      },
      {
        "fieldName": "raw_column_values_recall_stat",
        "path": "$.raw_column_values_recall_stat"
      },
      {
        "fieldName": "rerank_column_values_recall_stat",
        "path": "$.rerank_column_values_recall_stat"
      }
    ],
    "dependencies": [
      "EVALUATE_SCORE_HTTP_REQUEST"
    ]
  }
]